scenario,policy,seed,complete,coverage,path_m,steps,pose_rmse_m,max_pose_error_m,risk_exposure,failure_steps,stabilization_revisits,recovery_budget_spent_m,decision_count
visual_degradation,nearest,0,True,1.0,52.5,210,0.25750172882336336,0.47269192560916734,13.018632857871877,0,0,0.0,11
visual_degradation,nearest,1,True,1.0,52.5,210,0.27753269509554523,0.5378694003149669,13.018632857871877,0,0,0.0,11
visual_degradation,nearest,2,True,1.0,52.5,210,0.19985634073424416,0.3703711742237836,13.018632857871877,0,0,0.0,11
visual_degradation,nearest,3,True,1.0,52.5,210,0.12528814219117904,0.2851584928849477,13.018632857871877,0,0,0.0,11
visual_degradation,nearest,4,True,1.0,52.5,210,0.23800361328555755,0.40459711299780526,13.018632857871877,0,0,0.0,11
visual_degradation,nearest,5,True,1.0,52.5,210,0.2540394524414575,0.38594376089036336,13.018632857871877,0,0,0.0,11
visual_degradation,nearest,6,True,1.0,52.5,210,0.24057509532622126,0.3702559989400388,13.018632857871877,0,0,0.0,11
visual_degradation,nearest,7,True,1.0,52.5,210,0.3177845985793301,0.466481829718687,13.018632857871877,0,0,0.0,11
visual_degradation,nearest,8,True,1.0,52.5,210,0.16725960562201372,0.29970830334780457,13.018632857871877,0,0,0.0,11
visual_degradation,nearest,9,True,1.0,52.5,210,0.3141850928147586,0.4405683637477254,13.018632857871877,0,0,0.0,11
visual_degradation,information_gain,0,True,1.0,52.5,210,0.25750172882336336,0.47269192560916734,13.018632857871877,0,0,0.0,11
visual_degradation,information_gain,1,True,1.0,52.5,210,0.27753269509554523,0.5378694003149669,13.018632857871877,0,0,0.0,11
visual_degradation,information_gain,2,True,1.0,52.5,210,0.19985634073424416,0.3703711742237836,13.018632857871877,0,0,0.0,11
visual_degradation,information_gain,3,True,1.0,52.5,210,0.12528814219117904,0.2851584928849477,13.018632857871877,0,0,0.0,11
visual_degradation,information_gain,4,True,1.0,52.5,210,0.23800361328555755,0.40459711299780526,13.018632857871877,0,0,0.0,11
visual_degradation,information_gain,5,True,1.0,52.5,210,0.2540394524414575,0.38594376089036336,13.018632857871877,0,0,0.0,11
visual_degradation,information_gain,6,True,1.0,52.5,210,0.24057509532622126,0.3702559989400388,13.018632857871877,0,0,0.0,11
visual_degradation,information_gain,7,True,1.0,52.5,210,0.3177845985793301,0.466481829718687,13.018632857871877,0,0,0.0,11
visual_degradation,information_gain,8,True,1.0,52.5,210,0.16725960562201372,0.29970830334780457,13.018632857871877,0,0,0.0,11
visual_degradation,information_gain,9,True,1.0,52.5,210,0.3141850928147586,0.4405683637477254,13.018632857871877,0,0,0.0,11
visual_degradation,distance_advantage,0,True,1.0,56.5,226,0.2296922742510133,0.426690192121302,13.990687697324056,0,0,0.0,11
visual_degradation,distance_advantage,1,True,1.0,56.5,226,0.2800089813674857,0.5049577125176229,13.990687697324056,0,0,0.0,11
visual_degradation,distance_advantage,2,True,1.0,56.5,226,0.26000790220494757,0.4581996739986408,13.990687697324056,0,0,0.0,11
visual_degradation,distance_advantage,3,True,1.0,56.5,226,0.09557981723863081,0.20065895950898632,13.990687697324056,0,0,0.0,11
visual_degradation,distance_advantage,4,True,1.0,56.5,226,0.23165485770551592,0.3593485969218404,13.990687697324056,0,0,0.0,11
visual_degradation,distance_advantage,5,True,1.0,56.5,226,0.2024531519502086,0.33845477234091276,13.990687697324056,0,0,0.0,11
visual_degradation,distance_advantage,6,True,1.0,56.5,226,0.30702104707186406,0.4309752470815264,13.990687697324056,0,0,0.0,11
visual_degradation,distance_advantage,7,True,1.0,56.5,226,0.29776809375868185,0.42976286447368556,13.990687697324056,0,0,0.0,11
visual_degradation,distance_advantage,8,True,1.0,56.5,226,0.09823785280439255,0.23129029620419883,13.990687697324056,0,0,0.0,11
visual_degradation,distance_advantage,9,True,1.0,56.5,226,0.30562551507165214,0.42830865734801155,13.990687697324056,0,0,0.0,11
visual_degradation,visual_risk,0,True,1.0,56.5,226,0.2857125893755908,0.5039707150033427,13.844401992902068,0,0,0.0,11
visual_degradation,visual_risk,1,True,1.0,56.5,226,0.30694857696624644,0.5115709645782011,13.844401992902068,0,0,0.0,11
visual_degradation,visual_risk,2,True,1.0,56.5,226,0.24486648396084687,0.39646796266786094,13.844401992902068,0,0,0.0,11
visual_degradation,visual_risk,3,True,1.0,56.5,226,0.0898516310671441,0.16708645820425305,13.844401992902068,0,0,0.0,11
visual_degradation,visual_risk,4,True,1.0,56.5,226,0.23307119956536762,0.3398593993524951,13.844401992902068,0,0,0.0,11
visual_degradation,visual_risk,5,True,1.0,56.5,226,0.17897451384910304,0.2729358120457064,13.844401992902068,0,0,0.0,11
visual_degradation,visual_risk,6,True,1.0,56.5,226,0.3025962761063644,0.427818435822578,13.844401992902068,0,0,0.0,11
visual_degradation,visual_risk,7,True,1.0,56.5,226,0.3142612825875049,0.4626696287248722,13.844401992902068,0,0,0.0,11
visual_degradation,visual_risk,8,True,1.0,56.5,226,0.10035258273312408,0.23129029620419883,13.844401992902068,0,0,0.0,11
visual_degradation,visual_risk,9,True,1.0,56.5,226,0.33387549375691183,0.46778918787848367,13.844401992902068,0,0,0.0,11
visual_degradation,cross_modal_risk,0,True,1.0,56.5,226,0.2857125893755908,0.5039707150033427,13.844401992902068,0,0,0.0,11
visual_degradation,cross_modal_risk,1,True,1.0,56.5,226,0.30694857696624644,0.5115709645782011,13.844401992902068,0,0,0.0,11
visual_degradation,cross_modal_risk,2,True,1.0,56.5,226,0.24486648396084687,0.39646796266786094,13.844401992902068,0,0,0.0,11
visual_degradation,cross_modal_risk,3,True,1.0,56.5,226,0.0898516310671441,0.16708645820425305,13.844401992902068,0,0,0.0,11
visual_degradation,cross_modal_risk,4,True,1.0,56.5,226,0.23307119956536762,0.3398593993524951,13.844401992902068,0,0,0.0,11
visual_degradation,cross_modal_risk,5,True,1.0,56.5,226,0.17897451384910304,0.2729358120457064,13.844401992902068,0,0,0.0,11
visual_degradation,cross_modal_risk,6,True,1.0,56.5,226,0.3025962761063644,0.427818435822578,13.844401992902068,0,0,0.0,11
visual_degradation,cross_modal_risk,7,True,1.0,56.5,226,0.3142612825875049,0.4626696287248722,13.844401992902068,0,0,0.0,11
visual_degradation,cross_modal_risk,8,True,1.0,56.5,226,0.10035258273312408,0.23129029620419883,13.844401992902068,0,0,0.0,11
visual_degradation,cross_modal_risk,9,True,1.0,56.5,226,0.33387549375691183,0.46778918787848367,13.844401992902068,0,0,0.0,11
complementary,nearest,0,True,1.0,52.5,210,0.4573262084469671,0.8801781960035804,23.396876109340305,6,0,0.0,11
complementary,nearest,1,True,1.0,52.5,210,0.5187685726535469,1.034106327889584,23.396876109340305,2,0,0.0,11
complementary,nearest,2,True,1.0,52.5,210,0.5806332815092333,0.944993192535655,23.396876109340305,1,0,0.0,11
complementary,nearest,3,True,1.0,52.5,210,0.26920973474235554,0.726698296158821,23.396876109340305,2,0,0.0,11
complementary,nearest,4,True,1.0,52.5,210,0.5223164279097866,0.9017328764901901,23.396876109340305,1,0,0.0,11
complementary,nearest,5,True,1.0,52.5,210,0.48908718162684117,0.9496315313368392,23.396876109340305,2,0,0.0,11
complementary,nearest,6,True,1.0,52.5,210,0.43372345429103687,0.7346494109399786,23.396876109340305,5,0,0.0,11
complementary,nearest,7,True,1.0,52.5,210,0.5639681891654045,0.8991026090075699,23.396876109340305,2,0,0.0,11
complementary,nearest,8,True,1.0,52.5,210,0.39737329065193155,0.8026023790569637,23.396876109340305,1,0,0.0,11
complementary,nearest,9,True,1.0,52.5,210,0.5043164596683901,0.7908603864397703,23.396876109340305,4,0,0.0,11
complementary,information_gain,0,True,1.0,52.5,210,0.4573262084469671,0.8801781960035804,23.396876109340305,6,0,0.0,11
complementary,information_gain,1,True,1.0,52.5,210,0.5187685726535469,1.034106327889584,23.396876109340305,2,0,0.0,11
complementary,information_gain,2,True,1.0,52.5,210,0.5806332815092333,0.944993192535655,23.396876109340305,1,0,0.0,11
complementary,information_gain,3,True,1.0,52.5,210,0.26920973474235554,0.726698296158821,23.396876109340305,2,0,0.0,11
complementary,information_gain,4,True,1.0,52.5,210,0.5223164279097866,0.9017328764901901,23.396876109340305,1,0,0.0,11
complementary,information_gain,5,True,1.0,52.5,210,0.48908718162684117,0.9496315313368392,23.396876109340305,2,0,0.0,11
complementary,information_gain,6,True,1.0,52.5,210,0.43372345429103687,0.7346494109399786,23.396876109340305,5,0,0.0,11
complementary,information_gain,7,True,1.0,52.5,210,0.5639681891654045,0.8991026090075699,23.396876109340305,2,0,0.0,11
complementary,information_gain,8,True,1.0,52.5,210,0.39737329065193155,0.8026023790569637,23.396876109340305,1,0,0.0,11
complementary,information_gain,9,True,1.0,52.5,210,0.5043164596683901,0.7908603864397703,23.396876109340305,4,0,0.0,11
complementary,distance_advantage,0,True,1.0,56.5,226,0.5682173459241083,1.0668322071710572,25.2777807878605,3,0,0.0,11
complementary,distance_advantage,1,True,1.0,56.5,226,0.4574040483932868,0.9243332005411542,25.2777807878605,1,0,0.0,11
complementary,distance_advantage,2,True,1.0,56.5,226,0.5350727160014797,0.9099595480274792,25.2777807878605,3,0,0.0,11
complementary,distance_advantage,3,True,1.0,56.5,226,0.17287934747088113,0.3273056061181102,25.2777807878605,0,0,0.0,11
complementary,distance_advantage,4,True,1.0,56.5,226,0.5399390094974088,0.9115871256827832,25.2777807878605,8,0,0.0,11
complementary,distance_advantage,5,True,1.0,56.5,226,0.3525795810991047,0.6668193073782066,25.2777807878605,1,0,0.0,11
complementary,distance_advantage,6,True,1.0,56.5,226,0.5389045647676743,0.8358689991583603,25.2777807878605,3,0,0.0,11
complementary,distance_advantage,7,True,1.0,56.5,226,0.36575306066909047,0.6613378068342711,25.2777807878605,3,0,0.0,11
complementary,distance_advantage,8,True,1.0,56.5,226,0.20494020710261776,0.3880444645637292,25.2777807878605,0,0,0.0,11
complementary,distance_advantage,9,True,1.0,56.5,226,0.4931893842642318,0.7212318304341471,25.2777807878605,2,0,0.0,11
complementary,visual_risk,0,True,1.0,56.5,226,0.7561884187318024,1.3103772648278613,24.439533018227362,1,0,0.0,11
complementary,visual_risk,1,True,1.0,56.5,226,0.5779400847430421,0.9721854377103324,24.439533018227362,2,0,0.0,11
complementary,visual_risk,2,True,1.0,56.5,226,0.5492543674082162,0.8013903193413559,24.439533018227362,7,0,0.0,11
complementary,visual_risk,3,True,1.0,56.5,226,0.25209428737268696,0.463208892111691,24.439533018227362,0,0,0.0,11
complementary,visual_risk,4,True,1.0,56.5,226,0.5576144073725308,0.8180917872425222,24.439533018227362,11,0,0.0,11
complementary,visual_risk,5,True,1.0,56.5,226,0.2897435576679645,0.5005486215767071,24.439533018227362,0,0,0.0,11
complementary,visual_risk,6,True,1.0,56.5,226,0.5162394665464589,0.7530693906067708,24.439533018227362,4,0,0.0,11
complementary,visual_risk,7,True,1.0,56.5,226,0.4856570141765226,0.8459511004129793,24.439533018227362,7,0,0.0,11
complementary,visual_risk,8,True,1.0,56.5,226,0.21007260228817815,0.3880444645637292,24.439533018227362,0,0,0.0,11
complementary,visual_risk,9,True,1.0,56.5,226,0.608638953720128,0.887140629937299,24.439533018227362,2,0,0.0,11
complementary,cross_modal_risk,0,True,1.0,55.25,221,0.33248870795034996,0.5049154966450793,17.707314074217436,0,1,12.5,10
complementary,cross_modal_risk,1,True,1.0,55.25,221,0.23833096618300523,0.41711620229430724,17.707314074217436,0,1,12.5,10
complementary,cross_modal_risk,2,True,1.0,55.25,221,0.3106689459035255,0.46240141461831147,17.707314074217436,0,1,12.5,10
complementary,cross_modal_risk,3,True,1.0,55.25,221,0.1897478756821818,0.3203251608720525,17.707314074217436,0,1,12.5,10
complementary,cross_modal_risk,4,True,1.0,55.25,221,0.4454463882119861,0.5896855207477755,17.707314074217436,5,1,12.5,10
complementary,cross_modal_risk,5,True,1.0,55.25,221,0.26141497082254356,0.3863743093091874,17.707314074217436,0,1,12.5,10
complementary,cross_modal_risk,6,True,1.0,55.25,221,0.31544928429596375,0.5258289500328218,17.707314074217436,0,1,12.5,10
complementary,cross_modal_risk,7,True,1.0,55.25,221,0.24226272243448826,0.4239662940402326,17.707314074217436,0,1,12.5,10
complementary,cross_modal_risk,8,True,1.0,55.25,221,0.18901575516659522,0.3880444645637292,17.707314074217436,0,1,12.5,10
complementary,cross_modal_risk,9,True,1.0,55.25,221,0.36196908941966144,0.6043737867026804,17.707314074217436,2,1,12.5,10
common_mode,nearest,0,True,1.0,52.5,210,0.5264940916321486,0.9686835501058697,24.903699411965064,6,0,0.0,11
common_mode,nearest,1,True,1.0,52.5,210,0.5031003180058624,1.0222754325955148,24.903699411965064,4,0,0.0,11
common_mode,nearest,2,True,1.0,52.5,210,0.5011307829958961,0.8107453031712633,24.903699411965064,4,0,0.0,11
common_mode,nearest,3,True,1.0,52.5,210,0.25542443742820325,0.6215269374891478,24.903699411965064,2,0,0.0,11
common_mode,nearest,4,True,1.0,52.5,210,0.5445318403347665,0.8699238880490824,24.903699411965064,2,0,0.0,11
common_mode,nearest,5,True,1.0,52.5,210,0.5761965499587528,1.0315590088344333,24.903699411965064,6,0,0.0,11
common_mode,nearest,6,True,1.0,52.5,210,0.5413514837393164,0.8412499927589197,24.903699411965064,13,0,0.0,11
common_mode,nearest,7,True,1.0,52.5,210,0.6445840255737605,0.9684387814854267,24.903699411965064,4,0,0.0,11
common_mode,nearest,8,True,1.0,52.5,210,0.5083946766063743,0.9102033581587825,24.903699411965064,5,0,0.0,11
common_mode,nearest,9,True,1.0,52.5,210,0.5761116513469946,0.8629011356492192,24.903699411965064,9,0,0.0,11
common_mode,information_gain,0,True,1.0,52.5,210,0.5264940916321486,0.9686835501058697,24.903699411965064,6,0,0.0,11
common_mode,information_gain,1,True,1.0,52.5,210,0.5031003180058624,1.0222754325955148,24.903699411965064,4,0,0.0,11
common_mode,information_gain,2,True,1.0,52.5,210,0.5011307829958961,0.8107453031712633,24.903699411965064,4,0,0.0,11
common_mode,information_gain,3,True,1.0,52.5,210,0.25542443742820325,0.6215269374891478,24.903699411965064,2,0,0.0,11
common_mode,information_gain,4,True,1.0,52.5,210,0.5445318403347665,0.8699238880490824,24.903699411965064,2,0,0.0,11
common_mode,information_gain,5,True,1.0,52.5,210,0.5761965499587528,1.0315590088344333,24.903699411965064,6,0,0.0,11
common_mode,information_gain,6,True,1.0,52.5,210,0.5413514837393164,0.8412499927589197,24.903699411965064,13,0,0.0,11
common_mode,information_gain,7,True,1.0,52.5,210,0.6445840255737605,0.9684387814854267,24.903699411965064,4,0,0.0,11
common_mode,information_gain,8,True,1.0,52.5,210,0.5083946766063743,0.9102033581587825,24.903699411965064,5,0,0.0,11
common_mode,information_gain,9,True,1.0,52.5,210,0.5761116513469946,0.8629011356492192,24.903699411965064,9,0,0.0,11
common_mode,distance_advantage,0,True,1.0,56.5,226,0.41524941558184053,0.8595736394762137,26.784604090485267,6,0,0.0,11
common_mode,distance_advantage,1,True,1.0,56.5,226,0.49438553587212164,0.9907345660878312,26.784604090485267,2,0,0.0,11
common_mode,distance_advantage,2,True,1.0,56.5,226,0.6552437520703299,1.0459521788976711,26.784604090485267,8,0,0.0,11
common_mode,distance_advantage,3,True,1.0,56.5,226,0.2597832743678316,0.4297101459994744,26.784604090485267,0,0,0.0,11
common_mode,distance_advantage,4,True,1.0,56.5,226,0.632939515376295,0.9809732941656601,26.784604090485267,4,0,0.0,11
common_mode,distance_advantage,5,True,1.0,56.5,226,0.38752911652008426,0.6604587322399547,26.784604090485267,1,0,0.0,11
common_mode,distance_advantage,6,True,1.0,56.5,226,0.7226282761760343,1.007929729755043,26.784604090485267,2,0,0.0,11
common_mode,distance_advantage,7,True,1.0,56.5,226,0.4543903910935474,0.7576999928979284,26.784604090485267,2,0,0.0,11
common_mode,distance_advantage,8,True,1.0,56.5,226,0.24657537856182687,0.5063678046407329,26.784604090485267,0,0,0.0,11
common_mode,distance_advantage,9,True,1.0,56.5,226,0.6175244151695519,0.8519523999870208,26.784604090485267,8,0,0.0,11
common_mode,visual_risk,0,True,1.0,56.5,226,0.5962875027886559,1.1014037706522033,25.96063356788145,4,0,0.0,11
common_mode,visual_risk,1,True,1.0,56.5,226,0.618926517496167,1.0384481111991992,25.96063356788145,1,0,0.0,11
common_mode,visual_risk,2,True,1.0,56.5,226,0.670213491121114,0.9362612354368033,25.96063356788145,3,0,0.0,11
common_mode,visual_risk,3,True,1.0,56.5,226,0.3632758277721282,0.6011248181976027,25.96063356788145,1,0,0.0,11
common_mode,visual_risk,4,True,1.0,56.5,226,0.6489875799086404,0.8871835778160374,25.96063356788145,3,0,0.0,11
common_mode,visual_risk,5,True,1.0,56.5,226,0.33957663229757384,0.5893576785052058,25.96063356788145,1,0,0.0,11
common_mode,visual_risk,6,True,1.0,56.5,226,0.7068821286127561,0.9755949915383973,25.96063356788145,2,0,0.0,11
common_mode,visual_risk,7,True,1.0,56.5,226,0.5714319910324421,0.9387719504023312,25.96063356788145,2,0,0.0,11
common_mode,visual_risk,8,True,1.0,56.5,226,0.23411134000141,0.5063678046407329,25.96063356788145,0,0,0.0,11
common_mode,visual_risk,9,True,1.0,56.5,226,0.7368412676415853,1.0258664264113446,25.96063356788145,1,0,0.0,11
common_mode,cross_modal_risk,0,True,1.0,61.5,246,0.2828493462306378,0.6011663603334346,25.301500665820235,2,1,12.5,11
common_mode,cross_modal_risk,1,True,1.0,61.5,246,0.32695535629327777,0.7088862864708099,25.301500665820235,2,1,12.5,11
common_mode,cross_modal_risk,2,True,1.0,61.5,246,0.3595851955325045,0.6017180577995234,25.301500665820235,4,1,12.5,11
common_mode,cross_modal_risk,3,True,1.0,61.5,246,0.28441033960515083,0.45935747825057244,25.301500665820235,0,1,12.5,11
common_mode,cross_modal_risk,4,True,1.0,61.5,246,0.6158597689216142,0.9915104109712577,25.301500665820235,3,1,12.5,11
common_mode,cross_modal_risk,5,True,1.0,61.5,246,0.2812669673853895,0.4817592902662945,25.301500665820235,0,1,12.5,11
common_mode,cross_modal_risk,6,True,1.0,61.5,246,0.4692431901090094,0.7448616400216012,25.301500665820235,2,1,12.5,11
common_mode,cross_modal_risk,7,True,1.0,61.5,246,0.3360905438024519,0.5414233368495311,25.301500665820235,0,1,12.5,11
common_mode,cross_modal_risk,8,True,1.0,61.5,246,0.3286402525438594,0.7398223182829524,25.301500665820235,2,1,12.5,11
common_mode,cross_modal_risk,9,True,1.0,61.5,246,0.505614055957733,0.751037150200643,25.301500665820235,4,1,12.5,11
